Const,Title,URL,Title Type,IMDb Rating,Runtime (mins),Year,Genres,Num Votes,Release Date,Directors
101540,Cape Fear,https://www.imdb.com/title/tt0101540/,movie,7.3,128,1991,"Crime, Thriller",184804,1991-10-06,Martin Scorsese
1020938,Bébé(s),https://www.imdb.com/title/tt1020938/,movie,7.1,79,2010,Documentary,7128,2010-05-07,Thomas Balmès
1028528,Death Proof,https://www.imdb.com/title/tt1028528/,movie,7.0,127,2007,"Action, Thriller",280705,2007-05-22,Quentin Tarantino
102926,The Silence of the Lambs,https://www.imdb.com/title/tt0102926/,movie,8.6,118,1991,"Crime, Drama, Thriller",1344053,1991-01-30,Jonathan Demme
103767,Baraka,https://www.imdb.com/title/tt0103767/,movie,8.6,96,1992,Documentary,37856,1992-08-31,Ron Fricke
103873,Braindead,https://www.imdb.com/title/tt0103873/,movie,7.5,104,1992,"Comedy, Fantasy, Horror, Thriller",94709,1992-06-04,Peter Jackson
104782,Léolo,https://www.imdb.com/title/tt0104782/,movie,7.5,107,1992,"Comedy, Drama",6924,1992-09-16,Jean-Claude Lauzon
105236,Reservoir Dogs,https://www.imdb.com/title/tt0105236/,movie,8.3,99,1992,"Crime, Drama, Thriller",965282,1992-01-21,Quentin Tarantino
106697,Demolition Man,https://www.imdb.com/title/tt0106697/,movie,6.7,115,1993,"Action, Sci-Fi, Thriller",167571,1993-10-07,Marco Brambilla
107290,Jurassic Park,https://www.imdb.com/title/tt0107290/,movie,8.1,127,1993,"Action, Adventure, Sci-Fi, Thriller",916913,1993-06-09,Steven Spielberg
108052,Schindler's List,https://www.imdb.com/title/tt0108052/,movie,8.9,195,1993,"Biography, Drama, History",1276879,1993-11-30,Steven Spielberg
109707,Ed Wood,https://www.imdb.com/title/tt0109707/,movie,7.8,127,1994,"Biography, Comedy, Drama",171547,1994-09-24,Tim Burton
109830,Forrest Gump,https://www.imdb.com/title/tt0109830/,movie,8.8,142,1994,"Drama, Romance",1924467,1994-06-23,Robert Zemeckis
1099212,Twilight,https://www.imdb.com/title/tt1099212/,movie,5.2,122,2008,"Drama, Fantasy, Romance",445625,2008-11-17,Catherine Hardwicke
110357,The Lion King,https://www.imdb.com/title/tt0110357/,movie,8.5,88,1994,"Animation, Adventure, Drama, Family, Musical",991684,1994-06-12,"Rob Minkoff, Roger Allers"
110632,Natural Born Killers,https://www.imdb.com/title/tt0110632/,movie,7.3,118,1994,"Action, Crime, Drama",226104,1994-08-26,Oliver Stone
110912,Pulp Fiction,https://www.imdb.com/title/tt0110912/,movie,8.9,154,1994,"Crime, Drama",1925323,1994-05-21,Quentin Tarantino
111161,The Shawshank Redemption,https://www.imdb.com/title/tt0111161/,movie,9.3,142,1994,Drama,2491422,1994-09-10,Frank Darabont
1111854,Muchachada nui,https://www.imdb.com/title/tt1111854/,tvSeries,7.9,30,2007,"Animation, Comedy",701,2007-09-19,
111301,Street Fighter,https://www.imdb.com/title/tt0111301/,movie,4.0,102,1994,"Action, Adventure, Comedy, Thriller",69744,1994-12-23,Steven E. de Souza
1121096,Seventh Son,https://www.imdb.com/title/tt1121096/,movie,5.5,102,2014,"Action, Adventure, Fantasy",74801,2014-12-17,Sergei Bodrov
1126590,Big Eyes,https://www.imdb.com/title/tt1126590/,movie,7.0,106,2014,"Biography, Crime, Drama, Romance",89989,2014-11-13,Tim Burton
1136608,District 9,https://www.imdb.com/title/tt1136608/,movie,7.9,112,2009,"Action, Sci-Fi, Thriller",658596,2009-08-13,Neill Blomkamp
114746,Twelve Monkeys,https://www.imdb.com/title/tt0114746/,movie,8.0,129,1995,"Mystery, Sci-Fi, Thriller",598728,1995-12-08,Terry Gilliam
114898,Waterworld,https://www.imdb.com/title/tt0114898/,movie,6.2,135,1995,"Action, Adventure, Sci-Fi",189647,1995-07-28,Kevin Reynolds
115563,"Aquí llega Condemor, el pecador de la pradera",https://www.imdb.com/title/tt0115563/,movie,2.7,90,1996,"Comedy, Musical, Western",663,1996-06-27,Álvaro Sáenz de Heredia
115798,The Cable Guy,https://www.imdb.com/title/tt0115798/,movie,6.1,96,1996,"Comedy, Drama, Thriller",159861,1996-06-10,Ben Stiller
116282,Fargo,https://www.imdb.com/title/tt0116282/,movie,8.1,98,1996,"Crime, Thriller",647644,1996-03-08,"Ethan Coen, Joel Coen"
116367,From Dusk Till Dawn,https://www.imdb.com/title/tt0116367/,movie,7.2,108,1996,"Action, Crime, Horror",300641,1996-01-19,Robert Rodriguez
116996,Mars Attacks!,https://www.imdb.com/title/tt0116996/,movie,6.4,106,1996,"Comedy, Sci-Fi",219533,1996-12-12,Tim Burton
117765,Striptease,https://www.imdb.com/title/tt0117765/,movie,4.5,115,1996,"Comedy, Crime, Drama, Thriller",44732,1996-06-23,Andrew Bergman
1182345,Moon,https://www.imdb.com/title/tt1182345/,movie,7.8,97,2009,"Drama, Mystery, Sci-Fi",347362,2009-01-23,Duncan Jones
1185616,Vals Im Bashir,https://www.imdb.com/title/tt1185616/,movie,8.0,90,2008,"Documentary, Animation, Biography, Drama, History, Mystery, War",56870,2008-05-15,Ari Folman
118655,Austin Powers: International Man of Mystery,https://www.imdb.com/title/tt0118655/,movie,7.0,94,1997,"Adventure, Comedy",231395,1997-04-29,Jay Roach
118715,The Big Lebowski,https://www.imdb.com/title/tt0118715/,movie,8.1,117,1998,"Comedy, Crime, Sport",771438,1998-01-18,"Ethan Coen, Joel Coen"
118799,La vita è bella,https://www.imdb.com/title/tt0118799/,movie,8.6,116,1997,"Comedy, Drama, Romance, War",657455,1997-12-20,Roberto Benigni
1189073,La piel que habito,https://www.imdb.com/title/tt1189073/,movie,7.6,120,2011,"Drama, Horror, Thriller",146454,2011-05-19,Pedro Almodóvar
118998,Doctor Dolittle,https://www.imdb.com/title/tt0118998/,movie,5.4,85,1998,"Comedy, Family, Fantasy",95288,1998-06-13,Betty Thomas
119698,Mononoke-hime,https://www.imdb.com/title/tt0119698/,movie,8.4,134,1997,"Animation, Action, Adventure, Fantasy",368554,1997-07-12,Hayao Miyazaki
119822,As Good as It Gets,https://www.imdb.com/title/tt0119822/,movie,7.7,139,1997,"Comedy, Drama, Romance",288997,1997-12-06,James L. Brooks
1202222,Lies & Illusions,https://www.imdb.com/title/tt1202222/,movie,3.5,93,2009,"Action, Thriller",2977,2009-08-27,Tibor Takács
120338,Titanic,https://www.imdb.com/title/tt0120338/,movie,7.8,194,1997,"Drama, Romance",1103682,1997-11-01,James Cameron
120382,The Truman Show,https://www.imdb.com/title/tt0120382/,movie,8.1,103,1998,"Comedy, Drama",998957,1998-06-01,Peter Weir
1205489,Gran Torino,https://www.imdb.com/title/tt1205489/,movie,8.1,116,2008,Drama,746541,2008-12-09,Clint Eastwood
120586,American History X,https://www.imdb.com/title/tt0120586/,movie,8.5,119,1998,Drama,1073668,1998-07-01,Tony Kaye
120591,Armageddon,https://www.imdb.com/title/tt0120591/,movie,6.7,151,1998,"Action, Adventure, Sci-Fi, Thriller",410080,1998-06-30,Michael Bay
120601,Being John Malkovich,https://www.imdb.com/title/tt0120601/,movie,7.7,113,1999,"Comedy, Drama, Fantasy",324672,1999-09-02,Spike Jonze
120611,Blade,https://www.imdb.com/title/tt0120611/,movie,7.1,120,1998,"Action, Horror, Sci-Fi",259273,1998-08-19,Stephen Norrington
120622,Brácula. Condemor II,https://www.imdb.com/title/tt0120622/,movie,3.3,87,1997,"Comedy, Horror, Musical",457,1997-08-13,Álvaro Sáenz de Heredia
120660,Enemy of the State,https://www.imdb.com/title/tt0120660/,movie,7.3,132,1998,"Action, Thriller",235894,1998-11-18,Tony Scott
120663,Eyes Wide Shut,https://www.imdb.com/title/tt0120663/,movie,7.4,159,1999,"Drama, Mystery, Thriller",320891,1999-07-13,Stanley Kubrick
120824,The Shipping News,https://www.imdb.com/title/tt0120824/,movie,6.7,111,2001,Drama,32631,2001-12-18,Lasse Hallström
120868,"Torrente, el brazo tonto de la ley",https://www.imdb.com/title/tt0120868/,movie,6.8,97,1998,"Comedy, Crime",12181,1998-03-13,Santiago Segura
1224378,Viy,https://www.imdb.com/title/tt1224378/,movie,5.2,130,2014,"Adventure, Fantasy, Mystery, Thriller",5562,2014-01-30,Oleg Stepchenko
1234548,The Men Who Stare at Goats,https://www.imdb.com/title/tt1234548/,movie,6.2,94,2009,"Comedy, War",130191,2009-09-08,Grant Heslov
1235124,Dorian Gray,https://www.imdb.com/title/tt1235124/,movie,6.3,112,2009,"Drama, Fantasy, Mystery, Thriller",63011,2009-09-07,Oliver Parker
123755,Cube,https://www.imdb.com/title/tt0123755/,movie,7.2,90,1997,"Drama, Horror, Mystery, Sci-Fi",222428,1997-09-09,Vincenzo Natali
1253863,300: Rise of an Empire,https://www.imdb.com/title/tt1253863/,movie,6.2,102,2014,"Action, Drama",290062,2014-03-04,Noam Murro
125664,Man on the Moon,https://www.imdb.com/title/tt0125664/,movie,7.4,118,1999,"Biography, Comedy, Drama",128030,1999-12-07,Milos Forman
126029,Shrek,https://www.imdb.com/title/tt0126029/,movie,7.9,90,2001,"Animation, Adventure, Comedy, Family, Fantasy, Romance",642706,2001-04-22,"Vicky Jenson, Andrew Adamson"
1294970,The Angriest Man in Brooklyn,https://www.imdb.com/title/tt1294970/,movie,5.7,83,2014,"Comedy, Drama",21940,2014-05-22,Phil Alden Robinson
1311060,A.C.O.D.,https://www.imdb.com/title/tt1311060/,movie,5.7,88,2013,Comedy,13332,2013-01-23,Stuart Zicherman
1325004,The Twilight Saga: Eclipse,https://www.imdb.com/title/tt1325004/,movie,5.0,124,2010,"Action, Adventure, Drama, Fantasy, Romance, Thriller",237448,2010-06-30,David Slade
133093,The Matrix,https://www.imdb.com/title/tt0133093/,movie,8.7,136,1999,"Action, Sci-Fi",1778037,1999-03-24,"Lilly Wachowski, Lana Wachowski"
1355683,Black Mass,https://www.imdb.com/title/tt1355683/,movie,6.9,123,2015,"Biography, Crime, Drama",174482,2015-09-04,Scott Cooper
1361566,Tsumiki no ie,https://www.imdb.com/title/tt1361566/,short,8.2,12,2008,"Animation, Short, Drama, Family",10749,2008-06-10,Kunio Kato
137523,Fight Club,https://www.imdb.com/title/tt0137523/,movie,8.8,139,1999,Drama,1961559,1999-09-10,David Fincher
1375666,Inception,https://www.imdb.com/title/tt1375666/,movie,8.8,148,2010,"Action, Adventure, Sci-Fi, Thriller",2192612,2010-07-08,Christopher Nolan
1390411,In the Heart of the Sea,https://www.imdb.com/title/tt1390411/,movie,6.9,122,2015,"Action, Adventure, Biography, Drama, History",131431,2015-12-02,Ron Howard
1392170,The Hunger Games,https://www.imdb.com/title/tt1392170/,movie,7.2,142,2012,"Action, Adventure, Sci-Fi, Thriller",878325,2012-03-12,Gary Ross
139809,The Thirteenth Floor,https://www.imdb.com/title/tt0139809/,movie,7.1,100,1999,"Mystery, Sci-Fi, Thriller",69915,1999-04-16,Josef Rusnak
1431045,Deadpool,https://www.imdb.com/title/tt1431045/,movie,8.0,108,2016,"Action, Adventure, Comedy, Sci-Fi",959220,2016-01-21,Tim Miller
144084,American Psycho,https://www.imdb.com/title/tt0144084/,movie,7.6,101,2000,"Crime, Drama, Horror",533798,2000-01-21,Mary Harron
1446714,Prometheus,https://www.imdb.com/title/tt1446714/,movie,7.0,124,2012,"Adventure, Mystery, Sci-Fi",588164,2012-04-11,Ridley Scott
1454468,Gravity,https://www.imdb.com/title/tt1454468/,movie,7.7,91,2013,"Action, Drama, Sci-Fi, Thriller",796176,2013-08-28,Alfonso Cuarón
1475582,Sherlock,https://www.imdb.com/title/tt1475582/,tvSeries,9.1,88,2010,"Crime, Drama, Mystery, Thriller",859152,2010-07-22,
1494191,The Untold History of the United States,https://www.imdb.com/title/tt1494191/,tvMiniSeries,8.5,58,2012,"Documentary, History, War",8874,2012-11-12,
149460,Futurama,https://www.imdb.com/title/tt0149460/,tvSeries,8.4,22,1999,"Animation, Comedy, Sci-Fi",222824,1999-03-28,
1502712,Fantastic Four,https://www.imdb.com/title/tt1502712/,movie,4.2,100,2015,"Action, Adventure, Sci-Fi",159545,2015-08-04,"Josh Trank, Stephen E. Rivkin"
1524930,Vacation,https://www.imdb.com/title/tt1524930/,movie,6.1,99,2015,"Adventure, Comedy",106229,2015-07-29,"Jonathan Goldstein, John Francis Daley"
1528071,Horns,https://www.imdb.com/title/tt1528071/,movie,6.5,120,2013,"Comedy, Crime, Drama, Fantasy, Mystery, Thriller",81363,2013-09-06,Alexandre Aja
1528100,Exodus: Gods and Kings,https://www.imdb.com/title/tt1528100/,movie,6.0,150,2014,"Action, Adventure, Drama, Fantasy",164449,2014-12-03,Ridley Scott
1535108,Elysium,https://www.imdb.com/title/tt1535108/,movie,6.6,109,2013,"Action, Drama, Sci-Fi",433547,2013-08-07,Neill Blomkamp
1587310,Maleficent,https://www.imdb.com/title/tt1587310/,movie,7.0,97,2014,"Action, Adventure, Family, Fantasy, Romance",360061,2014-05-28,Robert Stromberg
1596363,The Big Short,https://www.imdb.com/title/tt1596363/,movie,7.8,130,2015,"Biography, Comedy, Drama, History",395449,2015-11-12,Adam McKay
1600196,The Drop,https://www.imdb.com/title/tt1600196/,movie,7.1,106,2014,"Crime, Drama, Thriller",148501,2014-09-05,Michaël R. Roskam
1605783,Midnight in Paris,https://www.imdb.com/title/tt1605783/,movie,7.7,94,2011,"Comedy, Fantasy, Romance",405616,2011-05-11,Woody Allen
1608290,Zoolander 2,https://www.imdb.com/title/tt1608290/,movie,4.7,101,2016,"Action, Adventure, Comedy, Mystery, Romance",67454,2016-02-01,Ben Stiller
1617661,Jupiter Ascending,https://www.imdb.com/title/tt1617661/,movie,5.3,127,2015,"Action, Adventure, Sci-Fi",184325,2015-01-27,"Lilly Wachowski, Lana Wachowski"
1618442,The Last Witch Hunter,https://www.imdb.com/title/tt1618442/,movie,6.0,106,2015,"Action, Adventure, Fantasy",100490,2015-10-13,Breck Eisner
1638355,The Man from U.N.C.L.E.,https://www.imdb.com/title/tt1638355/,movie,7.3,116,2015,"Action, Adventure, Comedy",292780,2015-08-02,Guy Ritchie
1655441,The Age of Adaline,https://www.imdb.com/title/tt1655441/,movie,7.2,112,2015,"Drama, Fantasy, Romance",165090,2015-04-08,Lee Toland Krieger
1661820,Cut Bank,https://www.imdb.com/title/tt1661820/,movie,6.1,93,2014,"Crime, Drama, Thriller",12176,2014-06-16,Matt Shakman
1663202,The Revenant,https://www.imdb.com/title/tt1663202/,movie,8.0,156,2015,"Action, Adventure, Drama, History, Western",750574,2015-12-16,Alejandro G. Iñárritu
167404,The Sixth Sense,https://www.imdb.com/title/tt0167404/,movie,8.1,107,1999,"Drama, Mystery, Thriller",948170,1999-08-02,M. Night Shyamalan
1675434,Intouchables,https://www.imdb.com/title/tt1675434/,movie,8.5,112,2011,"Biography, Comedy, Drama",804132,2011-09-23,"Olivier Nakache, Éric Toledano"
169547,American Beauty,https://www.imdb.com/title/tt0169547/,movie,8.3,122,1999,Drama,1110595,1999-09-08,Sam Mendes
172495,Gladiator,https://www.imdb.com/title/tt0172495/,movie,8.5,155,2000,"Action, Adventure, Drama",1411486,2000-05-01,Ridley Scott
1731141,Ender's Game,https://www.imdb.com/title/tt1731141/,movie,6.6,114,2013,"Action, Adventure, Fantasy, Sci-Fi",232437,2013-10-24,Gavin Hood
1740490,No lo llames amor... llámalo X,https://www.imdb.com/title/tt1740490/,movie,4.0,,2011,"Comedy, Romance",415,2011-03-27,Oriol Capel
175880,Magnolia,https://www.imdb.com/title/tt0175880/,movie,8.0,188,1999,Drama,301357,1999-12-08,Paul Thomas Anderson
1767372,She's Funny That Way,https://www.imdb.com/title/tt1767372/,movie,6.1,93,2014,"Comedy, Drama",25533,2014-08-29,Peter Bogdanovich
1781922,No Escape,https://www.imdb.com/title/tt1781922/,movie,6.8,103,2015,"Action, Thriller",83201,2015-08-26,John Erick Dowdle
1796960,Homeland,https://www.imdb.com/title/tt1796960/,tvSeries,8.3,55,2011,"Crime, Drama, Mystery, Thriller",327786,2011-10-02,
1798709,Her,https://www.imdb.com/title/tt1798709/,movie,8.0,126,2013,"Drama, Romance, Sci-Fi",572832,2013-10-12,Spike Jonze
180052,The Adventures of Pluto Nash,https://www.imdb.com/title/tt0180052/,movie,3.8,95,2002,"Action, Comedy, Sci-Fi",25441,2002-08-16,Ron Underwood
180093,Requiem for a Dream,https://www.imdb.com/title/tt0180093/,movie,8.3,102,2000,Drama,800875,2000-05-14,Darren Aronofsky
1809398,Unbroken,https://www.imdb.com/title/tt1809398/,movie,7.2,137,2014,"Action, Biography, Drama, Sport, War",158938,2014-11-17,Angelina Jolie
181689,Minority Report,https://www.imdb.com/title/tt0181689/,movie,7.6,145,2002,"Action, Crime, Mystery, Sci-Fi, Thriller",529685,2002-06-17,Steven Spielberg
182576,Family Guy,https://www.imdb.com/title/tt0182576/,tvSeries,8.1,22,1999,"Animation, Comedy",318331,1999-01-31,
1840309,Divergent,https://www.imdb.com/title/tt1840309/,movie,6.6,139,2014,"Action, Adventure, Mystery, Sci-Fi",441956,2014-03-18,Neil Burger
1853728,Django Unchained,https://www.imdb.com/title/tt1853728/,movie,8.4,165,2012,"Drama, Western",1442290,2012-12-11,Quentin Tarantino
185937,The Blair Witch Project,https://www.imdb.com/title/tt0185937/,movie,6.5,81,1999,"Horror, Mystery",246741,1999-01-25,"Eduardo Sánchez, Daniel Myrick"
1893256,Hummingbird,https://www.imdb.com/title/tt1893256/,movie,6.2,100,2013,"Action, Crime, Drama, Thriller",69698,2013-04-15,Steven Knight
1921149,Trash,https://www.imdb.com/title/tt1921149/,movie,7.2,114,2014,"Adventure, Crime, Drama, Mystery, Thriller",21309,2014-10-07,"Stephen Daldry, Christian Duurvoort"
1951264,The Hunger Games: Catching Fire,https://www.imdb.com/title/tt1951264/,movie,7.5,146,2013,"Action, Drama, Mystery, Sci-Fi, Thriller",637046,2013-11-11,Francis Lawrence
1951265,The Hunger Games: Mockingjay - Part 1,https://www.imdb.com/title/tt1951265/,movie,6.6,123,2014,"Action, Adventure, Sci-Fi, Thriller",433499,2014-11-10,Francis Lawrence
1964624,Dans la maison,https://www.imdb.com/title/tt1964624/,movie,7.4,105,2012,"Drama, Mystery, Thriller",31432,2012-09-10,François Ozon
1971325,Autómata,https://www.imdb.com/title/tt1971325/,movie,6.1,109,2014,"Action, Drama, Sci-Fi, Thriller",55987,2014-09-20,Gabe Ibáñez
1990314,Robot & Frank,https://www.imdb.com/title/tt1990314/,movie,7.1,89,2012,"Comedy, Crime, Drama, Sci-Fi",63289,2012-01-20,Jake Schreier
2024544,12 Years a Slave,https://www.imdb.com/title/tt2024544/,movie,8.1,134,2013,"Biography, Drama, History",669188,2013-08-30,Steve McQueen
203009,Moulin Rouge!,https://www.imdb.com/title/tt0203009/,movie,7.6,127,2001,"Drama, Musical, Romance",275171,2001-05-09,Baz Luhrmann
2039393,The Gambler,https://www.imdb.com/title/tt2039393/,movie,6.1,111,2014,"Crime, Drama, Thriller",69055,2014-11-10,Rupert Wyatt
208092,Snatch,https://www.imdb.com/title/tt0208092/,movie,8.3,104,2000,"Comedy, Crime",817308,2000-08-23,Guy Ritchie
2084970,The Imitation Game,https://www.imdb.com/title/tt2084970/,movie,8.0,114,2014,"Biography, Drama, Thriller, War",724014,2014-08-29,Morten Tyldum
2089050,Black Mirror: The Entire History of You,https://www.imdb.com/title/tt2089050/,tvEpisode,8.6,49,2011,"Drama, Sci-Fi, Thriller",52881,2011-12-18,Brian Welsh
2089051,Black Mirror: The National Anthem,https://www.imdb.com/title/tt2089051/,tvEpisode,7.7,44,2011,"Drama, Sci-Fi, Thriller",51682,2011-12-04,Otto Bathurst
209144,Memento,https://www.imdb.com/title/tt0209144/,movie,8.4,113,2000,"Mystery, Thriller",1177381,2000-09-05,Christopher Nolan
211915,Le fabuleux destin d'Amélie Poulain,https://www.imdb.com/title/tt0211915/,movie,8.3,122,2001,"Comedy, Romance",728956,2001-04-25,Jean-Pierre Jeunet
2120120,Pixels,https://www.imdb.com/title/tt2120120/,movie,5.5,105,2015,"Animation, Action, Comedy, Fantasy, Sci-Fi",138005,2015-04-17,Chris Columbus
2125608,Searching for Sugar Man,https://www.imdb.com/title/tt2125608/,movie,8.2,86,2012,"Documentary, Biography, Music",66488,2012-01-19,Malik Bendjelloul
2126355,San Andreas,https://www.imdb.com/title/tt2126355/,movie,6.1,114,2015,"Action, Adventure, Thriller",226030,2015-05-21,Brad Peyton
212720,A.I. Artificial Intelligence,https://www.imdb.com/title/tt0212720/,movie,7.2,146,2001,"Drama, Sci-Fi",299618,2001-06-26,Steven Spielberg
2140379,Self/less,https://www.imdb.com/title/tt2140379/,movie,6.5,117,2015,"Action, Mystery, Sci-Fi, Thriller",95752,2015-07-10,Tarsem Singh
2170593,St. Vincent,https://www.imdb.com/title/tt2170593/,movie,7.2,102,2014,"Comedy, Drama",99012,2014-09-05,Theodore Melfi
2179136,American Sniper,https://www.imdb.com/title/tt2179136/,movie,7.3,133,2014,"Action, Biography, Drama, War",461331,2014-11-11,Clint Eastwood
2278388,The Grand Budapest Hotel,https://www.imdb.com/title/tt2278388/,movie,8.1,99,2014,"Adventure, Comedy, Crime",753589,2014-02-06,Wes Anderson
22913,Freaks,https://www.imdb.com/title/tt0022913/,movie,7.9,64,1932,"Drama, Horror",44671,1932-02-12,Tod Browning
2317225,The Machine,https://www.imdb.com/title/tt2317225/,movie,6.1,91,2013,"Action, Drama, Sci-Fi, Thriller",30849,2013-04-20,Caradog W. James
231775,Down to Earth,https://www.imdb.com/title/tt0231775/,movie,5.5,87,2001,"Comedy, Fantasy",23494,2001-02-12,"Paul Weitz, Chris Weitz"
2334873,Blue Jasmine,https://www.imdb.com/title/tt2334873/,movie,7.3,98,2013,"Comedy, Drama",197829,2013-07-22,Woody Allen
2343793,Third Person,https://www.imdb.com/title/tt2343793/,movie,6.3,137,2013,"Drama, Romance",27677,2013-09-09,Paul Haggis
2369317,Space Station 76,https://www.imdb.com/title/tt2369317/,movie,4.9,93,2014,"Comedy, Drama, Sci-Fi",8231,2014-03-08,Jack Plotnick
2381249,Mission: Impossible - Rogue Nation,https://www.imdb.com/title/tt2381249/,movie,7.4,131,2015,"Action, Adventure, Thriller",356702,2015-07-23,Christopher McQuarrie
238380,Equilibrium,https://www.imdb.com/title/tt0238380/,movie,7.4,107,2002,"Action, Drama, Sci-Fi, Thriller",320004,2002-12-06,Kurt Wimmer
2401878,Anomalisa,https://www.imdb.com/title/tt2401878/,movie,7.3,90,2015,"Animation, Comedy, Drama, Romance",69800,2015-09-04,"Duke Johnson, Charlie Kaufman"
2402603,Felony,https://www.imdb.com/title/tt2402603/,movie,6.1,105,2013,"Crime, Drama, Thriller",5252,2013-09-10,Matthew Saville
2402927,Carol,https://www.imdb.com/title/tt2402927/,movie,7.3,118,2015,"Drama, Romance",122942,2015-05-17,Todd Haynes
240772,Ocean's Eleven,https://www.imdb.com/title/tt0240772/,movie,7.7,116,2001,"Crime, Thriller",543256,2001-12-05,Steven Soderbergh
242423,"Dude, Where's My Car?",https://www.imdb.com/title/tt0242423/,movie,5.5,83,2000,"Comedy, Mystery, Sci-Fi",137593,2000-12-10,Danny Leiner
2450440,The Last of Robin Hood,https://www.imdb.com/title/tt2450440/,movie,5.7,94,2013,"Biography, Drama, Romance",2185,2013-09-06,"Richard Glatzer, Wash Westmoreland"
245612,Kureyon Shin-chan,https://www.imdb.com/title/tt0245612/,tvSeries,7.9,25,2006,"Animation, Comedy",5420,2000-10-20,
246578,Donnie Darko,https://www.imdb.com/title/tt0246578/,movie,8.0,113,2001,"Drama, Mystery, Sci-Fi, Thriller",768792,2001-01-19,Richard Kelly
249462,Billy Elliot,https://www.imdb.com/title/tt0249462/,movie,7.7,110,2000,"Drama, Music",131220,2000-05-19,Stephen Daldry
2503944,Burnt,https://www.imdb.com/title/tt2503944/,movie,6.6,101,2015,"Comedy, Drama",112082,2015-10-18,John Wells
2515030,Escobar: Paradise Lost,https://www.imdb.com/title/tt2515030/,movie,6.5,120,2014,"Crime, Drama, History, Romance, Thriller",21816,2014-09-06,Andrea Di Stefano
253474,The Pianist,https://www.imdb.com/title/tt0253474/,movie,8.5,150,2002,"Biography, Drama, Music, War",778026,2002-05-24,Roman Polanski
2562232,Birdman or (The Unexpected Virtue of Ignorance),https://www.imdb.com/title/tt2562232/,movie,7.7,119,2014,"Comedy, Drama",604798,2014-08-27,Alejandro G. Iñárritu
2577172,Girlhouse,https://www.imdb.com/title/tt2577172/,movie,5.5,99,2014,"Horror, Thriller",8772,2014-10-16,"Trevor Matthews, Jon Knautz"
2582802,Whiplash,https://www.imdb.com/title/tt2582802/,movie,8.5,106,2014,"Drama, Music",772842,2014-01-16,Damien Chazelle
266697,Kill Bill: Vol. 1,https://www.imdb.com/title/tt0266697/,movie,8.1,111,2003,"Action, Crime, Drama, Thriller",1054800,2003-09-29,Quentin Tarantino
2668134,Kyaputen Hârokku,https://www.imdb.com/title/tt2668134/,movie,6.4,115,2013,"Animation, Adventure, Sci-Fi",12063,2013-09-03,Shinji Aramaki
26778,A Night at the Opera,https://www.imdb.com/title/tt0026778/,movie,7.9,96,1935,"Comedy, Music, Musical",31991,1935-11-01,"Sam Wood, Edmund Goulding"
268978,A Beautiful Mind,https://www.imdb.com/title/tt0268978/,movie,8.2,135,2001,"Biography, Drama",887404,2001-12-13,Ron Howard
2692904,Locke,https://www.imdb.com/title/tt2692904/,movie,7.1,85,2013,Drama,143886,2013-09-02,Steven Knight
2713180,Fury,https://www.imdb.com/title/tt2713180/,movie,7.6,134,2014,"Action, Drama, War",455021,2014-10-15,David Ayer
2717822,Blackhat,https://www.imdb.com/title/tt2717822/,movie,5.4,133,2015,"Action, Crime, Thriller",57132,2015-01-08,Michael Mann
274558,The Hours,https://www.imdb.com/title/tt0274558/,movie,7.5,110,2002,"Drama, Romance",128593,2002-12-15,Stephen Daldry
276919,Dogville,https://www.imdb.com/title/tt0276919/,movie,8.0,178,2003,"Crime, Drama",144231,2003-05-19,Lars von Trier
2788710,The Interview,https://www.imdb.com/title/tt2788710/,movie,6.5,112,2014,"Action, Adventure, Comedy",318557,2014-12-11,"Evan Goldberg, Seth Rogen"
2802144,Kingsman: The Secret Service,https://www.imdb.com/title/tt2802144/,movie,7.7,129,2014,"Action, Adventure, Comedy, Thriller",621933,2014-12-13,Matthew Vaughn
2823088,Carmina y amén.,https://www.imdb.com/title/tt2823088/,movie,6.7,100,2014,"Comedy, Drama",1667,2014-03-22,Paco León
285492,Cube 2: Hypercube,https://www.imdb.com/title/tt0285492/,movie,5.6,94,2002,"Drama, Horror, Mystery, Sci-Fi",65841,2002-07-29,Andrzej Sekula
2866360,Coherence,https://www.imdb.com/title/tt2866360/,movie,7.2,89,2013,"Drama, Mystery, Sci-Fi, Thriller",119298,2013-09-19,James Ward Byrkit
2935564,La French,https://www.imdb.com/title/tt2935564/,movie,7.1,135,2014,"Action, Crime, Thriller",10463,2014-09-10,Cédric Jimenez
2955316,Ocho apellidos vascos,https://www.imdb.com/title/tt2955316/,movie,6.5,98,2014,"Comedy, Romance",16943,2014-03-14,Emilio Martínez Lázaro
3011894,Relatos salvajes,https://www.imdb.com/title/tt3011894/,movie,8.1,122,2014,"Comedy, Drama, Thriller",188407,2014-05-17,Damián Szifron
3079380,Spy,https://www.imdb.com/title/tt3079380/,movie,7.0,120,2015,"Action, Comedy",238364,2015-03-15,Paul Feig
3099498,Tusk,https://www.imdb.com/title/tt3099498/,movie,5.3,102,2014,"Comedy, Drama, Horror, Thriller",49889,2014-09-06,Kevin Smith
310793,Bowling for Columbine,https://www.imdb.com/title/tt0310793/,movie,7.9,120,2002,"Documentary, Crime, Drama",142542,2002-05-16,Michael Moore
3152624,Trainwreck,https://www.imdb.com/title/tt3152624/,movie,6.2,125,2015,"Comedy, Drama, Romance",134131,2015-07-10,Judd Apatow
3168230,Mr. Holmes,https://www.imdb.com/title/tt3168230/,movie,6.9,104,2015,"Drama, Mystery",63319,2015-02-08,Bill Condon
319061,Big Fish,https://www.imdb.com/title/tt0319061/,movie,8.0,125,2003,"Adventure, Drama, Fantasy, Romance",429181,2003-12-04,Tim Burton
3203606,Trumbo,https://www.imdb.com/title/tt3203606/,movie,7.5,124,2015,"Biography, Crime, Drama",79692,2015-09-12,Jay Roach
3253930,La isla mínima,https://www.imdb.com/title/tt3253930/,movie,7.3,105,2014,"Action, Adventure, Crime, Mystery, Thriller",32710,2014-09-19,Alberto Rodríguez
327056,Mystic River,https://www.imdb.com/title/tt0327056/,movie,7.9,138,2003,"Crime, Drama, Mystery, Thriller",439817,2003-05-23,Clint Eastwood
3276924,Heist,https://www.imdb.com/title/tt3276924/,movie,6.1,93,2015,"Action, Crime, Drama, Thriller",29508,2015-11-11,Scott Mann
328832,The Animatrix,https://www.imdb.com/title/tt0328832/,video,7.4,100,2003,"Animation, Action, Adventure, Sci-Fi",73987,2003-04-17,"Yoshiaki Kawajiri, Takeshi Koike, Peter Chung, Shin'ichirô Watanabe, Kôji Morimoto, Mahiro Maeda, Andrew R. Jones"
32976,Rebecca,https://www.imdb.com/title/tt0032976/,movie,8.1,130,1940,"Drama, Mystery, Romance, Thriller",131981,1940-03-21,Alfred Hitchcock
331134,La hora chanante,https://www.imdb.com/title/tt0331134/,tvSeries,8.0,25,2002,Comedy,578,2002-05-01,
3316960,Still Alice,https://www.imdb.com/title/tt3316960/,movie,7.5,101,2014,Drama,131018,2014-09-08,"Richard Glatzer, Wash Westmoreland"
3321428,Torrente 5: Operación Eurovegas,https://www.imdb.com/title/tt3321428/,movie,5.4,105,2014,"Action, Comedy",4073,2014-10-03,Santiago Segura
3331846,Stand by Me Doraemon,https://www.imdb.com/title/tt3331846/,movie,7.5,95,2014,"Animation, Comedy, Drama, Family, Sci-Fi",7007,2014-08-08,"Takashi Yamazaki, Ryuichi Yagi, Tony Oliver"
335266,Lost in Translation,https://www.imdb.com/title/tt0335266/,movie,7.7,102,2003,"Comedy, Drama",435635,2003-08-29,Sofia Coppola
3367686,A Perfect Vacation,https://www.imdb.com/title/tt3367686/,movie,3.4,89,2015,"Action, Horror, Mystery, Thriller",1536,2015-04-11,Mark Atkins
3387542,The Forest,https://www.imdb.com/title/tt3387542/,movie,4.8,93,2016,"Horror, Mystery, Thriller",41672,2016-01-07,Jason Zada
3464902,The Lobster,https://www.imdb.com/title/tt3464902/,movie,7.2,119,2015,"Comedy, Drama, Romance, Sci-Fi, Thriller",237961,2015-05-15,Yorgos Lanthimos
3495184,Las ovejas no pierden el tren,https://www.imdb.com/title/tt3495184/,movie,5.7,103,2014,Comedy,1477,2014-11-21,Álvaro Fernández Armero
3510480,Anacleto: Agente secreto,https://www.imdb.com/title/tt3510480/,movie,6.1,93,2015,"Action, Comedy, Thriller",4137,2015-09-04,Javier Ruiz Caldera
3605418,Knock Knock,https://www.imdb.com/title/tt3605418/,movie,4.9,99,2015,"Drama, Thriller",89775,2015-01-23,Eli Roth
361748,Inglourious Basterds,https://www.imdb.com/title/tt0361748/,movie,8.3,153,2009,"Adventure, Drama, War",1346505,2009-05-20,Quentin Tarantino
3626742,Ocho apellidos catalanes,https://www.imdb.com/title/tt3626742/,movie,5.4,99,2015,"Comedy, Romance",7061,2015-11-18,Emilio Martínez Lázaro
3659388,The Martian,https://www.imdb.com/title/tt3659388/,movie,8.0,144,2015,"Adventure, Drama, Sci-Fi",803147,2015-09-11,Ridley Scott
3672840,Tian jiang xiong shi,https://www.imdb.com/title/tt3672840/,movie,6.0,127,2015,"Action, Drama, Fantasy, History",19413,2015-02-18,Daniel Lee
3682448,Bridge of Spies,https://www.imdb.com/title/tt3682448/,movie,7.6,142,2015,"Drama, History, Thriller",300670,2015-10-04,Steven Spielberg
378194,Kill Bill: Vol. 2,https://www.imdb.com/title/tt0378194/,movie,8.0,137,2004,"Action, Crime, Thriller",719168,2004-04-08,Quentin Tarantino
379225,The Corporation,https://www.imdb.com/title/tt0379225/,movie,8.0,145,2003,"Documentary, History",21061,2003-09-10,"Mark Achbar, Jennifer Abbott"
379786,Serenity,https://www.imdb.com/title/tt0379786/,movie,7.8,119,2005,"Action, Adventure, Sci-Fi, Thriller",290204,2005-08-22,Joss Whedon
381733,Aquí no hay quien viva,https://www.imdb.com/title/tt0381733/,tvSeries,8.1,60,2003,"Comedy, Romance",3737,2003-09-07,
388795,Brokeback Mountain,https://www.imdb.com/title/tt0388795/,movie,7.7,134,2005,"Drama, Romance",340960,2005-09-02,Ang Lee
390136,Isi/Disi - Amor a lo bestia,https://www.imdb.com/title/tt0390136/,movie,4.4,88,2004,"Comedy, Music",1338,2004-07-23,Chema de la Peña
3902698,Rey Gitano,https://www.imdb.com/title/tt3902698/,movie,3.7,112,2015,"Action, Comedy",1191,2015-07-11,Juanma Bajo Ulloa
390384,Primer,https://www.imdb.com/title/tt0390384/,movie,6.9,77,2004,"Drama, Sci-Fi, Thriller",103296,2004-01-16,Shane Carruth
399295,Lord of War,https://www.imdb.com/title/tt0399295/,movie,7.6,122,2005,"Action, Crime, Drama",304623,2005-09-16,Andrew Niccol
401792,Sin City,https://www.imdb.com/title/tt0401792/,movie,8.0,124,2005,"Crime, Thriller",752116,2005-03-28,"Frank Miller, Quentin Tarantino, Robert Rodriguez"
411008,Lost,https://www.imdb.com/title/tt0411008/,tvSeries,8.3,44,2004,"Adventure, Drama, Fantasy, Mystery, Sci-Fi, Thriller",523186,2004-09-21,
4158110,Mr. Robot,https://www.imdb.com/title/tt4158110/,tvSeries,8.5,49,2015,"Crime, Drama, Thriller",358615,2015-03-17,
416320,Match Point,https://www.imdb.com/title/tt0416320/,movie,7.6,124,2005,"Drama, Romance, Thriller",212854,2005-05-12,Woody Allen
416730,FBI: Frikis buscan incordiar,https://www.imdb.com/title/tt0416730/,movie,2.2,85,2004,Comedy,300,2004-06-04,Javier Cárdenas
417,Le voyage dans la lune,https://www.imdb.com/title/tt0000417/,short,8.2,13,1902,"Short, Action, Adventure, Comedy, Fantasy, Sci-Fi",47059,1902-09-01,Georges Méliès
4178092,The Gift,https://www.imdb.com/title/tt4178092/,movie,7.0,108,2015,"Drama, Mystery, Thriller",148711,2015-07-30,Joel Edgerton
421715,The Curious Case of Benjamin Button,https://www.imdb.com/title/tt0421715/,movie,7.8,166,2008,"Drama, Fantasy, Romance",618791,2008-12-10,David Fincher
434409,V for Vendetta,https://www.imdb.com/title/tt0434409/,movie,8.1,132,2005,"Action, Drama, Sci-Fi, Thriller",1074974,2005-12-11,James McTeigue
4412362,Mi gran noche,https://www.imdb.com/title/tt4412362/,movie,6.1,100,2015,"Comedy, Romance",4376,2015-09-11,Álex de la Iglesia
454876,Life of Pi,https://www.imdb.com/title/tt0454876/,movie,7.9,127,2012,"Adventure, Drama, Fantasy",603777,2012-09-28,Ang Lee
455824,Australia,https://www.imdb.com/title/tt0455824/,movie,6.6,165,2008,"Adventure, Comedy, Drama, Romance, War, Western",122174,2008-11-18,Baz Luhrmann
460649,How I Met Your Mother,https://www.imdb.com/title/tt0460649/,tvSeries,8.3,22,2005,"Comedy, Romance",639207,2005-09-19,
468569,The Dark Knight,https://www.imdb.com/title/tt0468569/,movie,9.0,152,2008,"Action, Crime, Drama, Thriller",2443455,2008-07-14,Christopher Nolan
480249,I Am Legend,https://www.imdb.com/title/tt0480249/,movie,7.2,101,2007,"Action, Adventure, Drama, Sci-Fi, Thriller",718718,2007-12-05,Francis Lawrence
485947,Mr. Nobody,https://www.imdb.com/title/tt0485947/,movie,7.8,141,2009,"Drama, Fantasy, Romance, Sci-Fi",225583,2009-09-11,Jaco Van Dormael
48605,The Seven Year Itch,https://www.imdb.com/title/tt0048605/,movie,7.1,105,1955,"Comedy, Romance",37276,1955-06-01,Billy Wilder
49366,Invasion of the Body Snatchers,https://www.imdb.com/title/tt0049366/,movie,7.7,80,1956,"Drama, Horror, Sci-Fi",47730,1956-02-05,Don Siegel
499549,Avatar,https://www.imdb.com/title/tt0499549/,movie,7.8,162,2009,"Action, Adventure, Fantasy, Sci-Fi",1164112,2009-12-10,James Cameron
50083,12 Angry Men,https://www.imdb.com/title/tt0050083/,movie,9.0,96,1957,"Crime, Drama",736491,1957-04-10,Sidney Lumet
50539,The Incredible Shrinking Man,https://www.imdb.com/title/tt0050539/,movie,7.6,81,1957,"Horror, Sci-Fi",17301,1957-02-22,Jack Arnold
52311,Touch of Evil,https://www.imdb.com/title/tt0052311/,movie,8.0,95,1958,"Crime, Drama, Film-Noir, Thriller",101993,1958-03-30,Orson Welles
53604,The Apartment,https://www.imdb.com/title/tt0053604/,movie,8.3,125,1960,"Comedy, Drama, Romance",173429,1960-06-15,Billy Wilder
62622,2001: A Space Odyssey,https://www.imdb.com/title/tt0062622/,movie,8.3,149,1968,"Adventure, Sci-Fi",634884,1968-04-02,Stanley Kubrick
64116,C'era una volta il West,https://www.imdb.com/title/tt0064116/,movie,8.5,165,1968,Western,316440,1968-12-20,Sergio Leone
66921,A Clockwork Orange,https://www.imdb.com/title/tt0066921/,movie,8.3,136,1971,"Crime, Drama, Sci-Fi",791298,1971-12-19,Stanley Kubrick
67756,Silent Running,https://www.imdb.com/title/tt0067756/,movie,6.7,89,1972,"Drama, Sci-Fi",28165,1972-03-10,Douglas Trumbull
67800,Straw Dogs,https://www.imdb.com/title/tt0067800/,movie,7.5,113,1971,"Crime, Drama, Thriller",58604,1971-11-25,Sam Peckinpah
68646,The Godfather,https://www.imdb.com/title/tt0068646/,movie,9.2,175,1972,"Crime, Drama",1718875,1972-03-14,Francis Ford Coppola
70707,Sleeper,https://www.imdb.com/title/tt0070707/,movie,7.2,89,1973,"Comedy, Sci-Fi",42321,1973-12-17,Woody Allen
71562,The Godfather: Part II,https://www.imdb.com/title/tt0071562/,movie,9.0,202,1974,"Crime, Drama",1193446,1974-12-12,Francis Ford Coppola
73486,One Flew Over the Cuckoo's Nest,https://www.imdb.com/title/tt0073486/,movie,8.7,133,1975,Drama,960457,1975-11-19,Milos Forman
73629,The Rocky Horror Picture Show,https://www.imdb.com/title/tt0073629/,movie,7.4,100,1975,"Comedy, Horror, Musical",143310,1975-08-14,Jim Sharman
74486,Eraserhead,https://www.imdb.com/title/tt0074486/,movie,7.4,89,1977,"Fantasy, Horror, Thriller",110453,1977-03-19,David Lynch
756683,The Man from Earth,https://www.imdb.com/title/tt0756683/,movie,7.9,87,2007,"Drama, Fantasy, Mystery, Sci-Fi",181811,2007-06-10,Richard Schenkman
75686,Annie Hall,https://www.imdb.com/title/tt0075686/,movie,8.0,93,1977,"Comedy, Romance",259084,1977-03-27,Woody Allen
78788,Apocalypse Now,https://www.imdb.com/title/tt0078788/,movie,8.4,147,1979,"Drama, Mystery, War",634866,1979-05-19,Francis Ford Coppola
79470,Life of Brian,https://www.imdb.com/title/tt0079470/,movie,8.1,94,1979,Comedy,383958,1979-08-17,Terry Jones
79522,Manhattan,https://www.imdb.com/title/tt0079522/,movie,7.9,96,1979,"Comedy, Drama, Romance",137027,1979-04-18,Woody Allen
795461,Scary Movie 5,https://www.imdb.com/title/tt0795461/,movie,3.6,88,2013,Comedy,69037,2013-04-11,"Malcolm D. Lee, David Zucker"
79944,Stalker,https://www.imdb.com/title/tt0079944/,movie,8.1,162,1979,"Drama, Sci-Fi",127512,1979-05-31,Andrei Tarkovsky
800320,Clash of the Titans,https://www.imdb.com/title/tt0800320/,movie,5.8,106,2010,"Action, Adventure, Fantasy",276915,2010-03-26,Louis Leterrier
816692,Interstellar,https://www.imdb.com/title/tt0816692/,movie,8.6,169,2014,"Adventure, Drama, Sci-Fi",1641156,2014-10-26,Christopher Nolan
81846,Cosmos,https://www.imdb.com/title/tt0081846/,tvMiniSeries,9.3,780,1980,Documentary,38886,1980-09-28,
83658,Blade Runner,https://www.imdb.com/title/tt0083658/,movie,8.1,117,1982,"Drama, Mystery, Sci-Fi, Thriller",728869,1982-06-25,Ridley Scott
84434,An Officer and a Gentleman,https://www.imdb.com/title/tt0084434/,movie,7.0,124,1982,"Drama, Romance",54325,1982-07-28,Taylor Hackford
85959,The Meaning of Life,https://www.imdb.com/title/tt0085959/,movie,7.5,107,1983,"Comedy, Musical",117329,1983-03-31,"Terry Jones, Terry Gilliam"
88846,Brazil,https://www.imdb.com/title/tt0088846/,movie,7.9,132,1985,"Drama, Sci-Fi",195719,1985-02-20,Terry Gilliam
898266,The Big Bang Theory,https://www.imdb.com/title/tt0898266/,tvSeries,8.1,22,2007,"Comedy, Romance",758344,2006-05-01,
903747,Breaking Bad,https://www.imdb.com/title/tt0903747/,tvSeries,9.4,49,2008,"Crime, Drama, Thriller",1608348,2008-01-20,
910970,WALL·E,https://www.imdb.com/title/tt0910970/,movie,8.4,98,2008,"Animation, Adventure, Family, Sci-Fi",1050646,2008-06-21,Andrew Stanton
93058,Full Metal Jacket,https://www.imdb.com/title/tt0093058/,movie,8.3,116,1987,"Drama, War",706461,1987-06-17,Stanley Kubrick
944947,Game of Thrones,https://www.imdb.com/title/tt0944947/,tvSeries,9.2,57,2011,"Action, Adventure, Drama, Fantasy",1901008,2011-04-16,
945513,Source Code,https://www.imdb.com/title/tt0945513/,movie,7.5,93,2011,"Action, Drama, Mystery, Sci-Fi, Thriller",502683,2011-03-11,Duncan Jones
947798,Black Swan,https://www.imdb.com/title/tt0947798/,movie,8.0,108,2010,"Drama, Thriller",728889,2010-09-01,Darren Aronofsky
96697,The Simpsons,https://www.imdb.com/title/tt0096697/,tvSeries,8.6,22,1989,"Animation, Comedy",384104,1989-12-17,
970416,The Day the Earth Stood Still,https://www.imdb.com/title/tt0970416/,movie,5.5,104,2008,"Drama, Sci-Fi, Thriller",167396,2008-12-10,Scott Derrickson
98800,The Fresh Prince of Bel-Air,https://www.imdb.com/title/tt0098800/,tvSeries,7.9,22,1990,Comedy,127682,1990-09-10,
993846,The Wolf of Wall Street,https://www.imdb.com/title/tt0993846/,movie,8.2,180,2013,"Biography, Comedy, Crime, Drama",1282133,2013-12-09,Martin Scorsese
99653,Ghost,https://www.imdb.com/title/tt0099653/,movie,7.1,127,1990,"Drama, Fantasy, Romance, Thriller",207609,1990-07-13,Jerry Zucker
99674,The Godfather: Part III,https://www.imdb.com/title/tt0099674/,movie,7.6,162,1990,"Crime, Drama",377846,1990-12-20,Francis Ford Coppola
